body,Positive Psychology,PP: Gratitude,PP: Optimism,PP: Strengths,PP: Meaning,PP: Positive Reappraisal,PP: Humor,PP: General Education,Physical Activity,Diet,Directive,Social
"Increasing physical activity can help improve sleep, energy level, and mood. What can you do as a first step towards being more active?",0,0,0,0,0,0,0,0,1,0,0,0
"While physical activity can seem exhausting at first, being more active can increase energy levels in the long run. What can you do to be active today or tomorrow?",0,0,0,0,0,0,0,0,1,0,1,0
"Increasing physical activity can help improve memory, mood, stress level, and sleep. How can you be more active today? Start with something small!",0,0,0,0,0,0,0,0,1,0,1,0
"Physical activity can help lower blood pressure and cholesterol, which in turn, can lower your risk for a heart attack or stroke. How can you be more active today?",0,0,0,0,0,0,0,0,1,0,1,0
Physical activity can make your muscles and bones stronger. How can you be more active today to start strengthening your body?,0,0,0,0,0,0,0,0,1,0,1,0
Increasing physical activity can improve balance and flexibility and even help you look younger. Set aside a few minutes today to move around!,0,0,0,0,0,0,0,0,1,0,1,0
Setting and meeting a goal can be a powerful experience! What goal would you like to set for becoming more physically active?,0,0,0,0,0,0,0,0,1,0,1,0
"Do you have trouble sticking with an exercise program? If so, the key might be finding the type of physical activity that you enjoy. It's helpful to try out different types of exercise to see which you like the most!",0,0,0,0,0,0,0,0,1,0,0,0
Moving in small ways each day can make a big difference over time in terms of increasing level of activity! How can you work in a small walk today to reduce sitting time and get in a few extra steps?,0,0,0,0,0,0,0,0,1,0,1,0
"There are so many ways to be active! How about trying one today? Here are some ideas: walking while on the phone, dancing to music, playing with your kids or pets, standing up and moving around during TV commercials, or taking a short walk after a meal.",0,0,0,0,0,0,0,0,1,0,1,0
"Bad weather can interfere with physical activity, especially when it is very hot or very cold. What kind of back-up plan can you create for engaging in physical activity even when the weather isn't perfect? Why not try an indoor activity?",0,0,0,0,0,0,0,0,1,0,0,0
"Instead of completing all of your physical activity at once, you can also break it up into smaller chunks throughout the day. Try breaking up your activity into smaller, more manageable pieces either today or tomorrow!",0,0,0,0,0,0,0,0,1,0,1,0
"An important aspect of maintaining physical activity is being safe and knowing your limits. It's always a good idea to slow down or stop if you feel very tired, sick, faint, or pain (including chest pain).",0,0,0,0,0,0,0,0,1,0,0,0
"Doing different types of exercises on different days rather than repeating the same type of activity all the time can be helpful for a variety of reasons. Not only can it help increase interest and motivation, but it can also prevent over-use strains or injuries to certain parts of your body!",0,0,0,0,0,0,0,0,1,0,0,0
"Engaging in new types of physical activity can improve mood and physical functioning. However, to prevent injurities, make sure you start small and focus on slow, gradual progress!",0,0,0,0,0,0,0,0,1,0,0,0
"Finding time to exercise throughout the day can be difficult. Try being creative today and look for small opportunities like taking a short walk at work in between meetings, taking the stairs instead of the elevator, or parking a little farther away!",0,0,0,0,0,0,0,0,1,0,1,0
"Some types of exercise can be expensive, but there are also many free activities that you can try like walking or classes at a community center in your area!",0,0,0,0,0,0,0,0,1,0,0,0
"There are so many different types of physical activity you can try - walking, biking, swimming, yoga, hiking, Tai Chi, tennis, group fitness classes, gardening, weight lifting, and more. Try something new today to find what activity you enjoy the most!",0,0,0,0,0,0,0,0,1,0,1,0
"Physical activity can benefit you in many more ways than just promoting weight loss. In can improve sleep, mood, balance, stress level, energy, and alertness!",0,0,0,0,0,0,0,0,1,0,0,0
"Try the ""talk test"" to see if you are being active at a moderate pace. If you can carry on a conversation with a friend while you are performing the activity without difficulty, you are at a moderate pace!",0,0,0,0,0,0,0,0,1,0,0,0
"Tracking your physical activity can motivate you to do more! Try using a watch, clock, timer, fitness tracker, or phone app to track how much you move today.",0,0,0,0,0,0,0,0,1,0,1,0
"Keeping track of your physical activity can be very helpful. Try using a notebook, spreadsheet, smartphone app, or whatever works for you. And don't worry if you miss days; just try your best!",0,0,0,0,0,0,0,0,1,0,0,0
Keeping track of your physical activity every day can be very helpful in maintaining your routine. Try finding a method of tracking and a particular time of day to make a note of what exercise you did throughout the day that works for you!,0,0,0,0,0,0,0,0,1,0,0,0
"Sometimes, tracking physical activity in a way that is easy to see, like on a calendar or hanging a tracking sheet on your fridge, can give you extra motivation. Try it out today!",0,0,0,0,0,0,0,0,1,0,1,0
It can be difficult to establish a habit of regularly tracking your physical activity. Try using reminders like sticking a post-it-note where you will easily see it or setting an alarm at the end of the day!,0,0,0,0,0,0,0,0,1,0,0,0
Tracking your physical activity is one of the best ways to maintain progress when working towards a goal. What's an easy way of tracking that you can start today and do every day?,0,0,0,0,0,0,0,0,1,0,1,0
Tracking your physical activity does not have to be difficult or time-consuming. What is an easy way of keeping track of your activity every day?,0,0,0,0,0,0,0,0,1,0,0,0
"Choosing a healthy diet can seem complicated and overwhelming at time. Try starting with foods that are rich in fiber like vegetables and avoid foods that are high in calories, fat, and sugar content!",0,0,0,0,0,0,0,0,0,1,0,0
"Try filling half of your plate with non-starchy vegetables like lettuce, spinach, carrots, peppers, broccoli, or asparagus as much as you can. These foods are low in calories and high in fiber!",0,0,0,0,0,0,0,0,0,1,0,0
"To improve your diet, a good rule of thumb is to try to limit grains or starchy foods like bread or potatoes to only a quarter of your plate for each meal.",0,0,0,0,0,0,0,0,0,1,0,0
"When choosing a good source of protein, focus on lean proteins such as chicken or fish. There are many healthy and delicious ways to prepare these versatile meats!",0,0,0,0,0,0,0,0,0,1,0,0
"Juice and soda often have surprisingly high levels of sugar. When reaching for a beverage, try sticking to water, tea, or coffee (without added sugar) instead!",0,0,0,0,0,0,0,0,0,1,0,0
"If you are watching your weight, try eating more delicious low starch, low calorie vegetables like broccoli, carrots, celery, leafy greens, or peppers.",0,0,0,0,0,0,0,0,0,1,0,0
"When reaching for a grain or a starchy food, try choosing healthy options such as 100% whole grain bread or tortillas, black beans, brown rice, or green peas!",0,0,0,0,0,0,0,0,0,1,0,0
"If you're craving something sweet, try eating a piece of fruit. Apples, apricots, blueberries, strawberries, or oranges can be a sweet and delicious dessert!",0,0,0,0,0,0,0,0,0,1,0,0
"Snack foods, candy, cookies, ice cream, and anything made with corn syrup may taste good but are especially unhealthy. Try to eat these treats only on special occasions!",0,0,0,0,0,0,0,0,0,1,0,0
Fried foods like french fries and fried chicken can be so tempting but are not very healthy. Try to limit these foods as much as possible!,0,0,0,0,0,0,0,0,0,1,0,0
"If you like dairy products, try choosing small portions of low-fat milk, yogurt, and cheese!",0,0,0,0,0,0,0,0,0,1,0,0
It's a great idea to always have fruits and vegetables on hand. One way to do this on a budget is to keep frozen veggies and fruit in your freezer that you can quickly heat up!,0,0,0,0,0,0,0,0,0,1,0,0
"Here are some helpful tips for a successful trip to the grocery store: never shop when you are hungry, buy healthy items in large quantities, and make a list before you go!",0,0,0,0,0,0,0,0,0,1,0,0
"Having a collection of recipes for tasty, simple, healthy meals will make it easier to make a healthy diet part of your daily routine. Start your collection today!",0,0,0,0,0,0,0,0,0,1,1,0
A trick to making healthy food taste better is to add herbs and spices. What are your favorite herbs and spices that can make low-calorie meals more satisfying?,0,0,0,0,0,0,0,0,0,1,0,0
"Having supportive family and friends who will shop, cook, and eat healthy foods with you can help you stay on track. Reach out to someone and share recipes today!",0,0,0,0,0,0,0,0,0,1,1,1
"If you'd like to lose weight, a good way to start is cutting 500 calories per day. What high-calorie foods can you eat less of this week?",0,0,0,0,0,0,0,0,0,1,1,0
"Foods high in fiber can help you feel full for longer periods of time, which can help reduce snacking and over-eating. Vegetables and fruits are high in fiber; try eating more today!",0,0,0,0,0,0,0,0,0,1,1,0
Tracking what you eat can help you identify ways that you can improve your diet. Try keeping a food journal for a week and see if it motivates you to be more healthy!,0,0,0,0,0,0,0,0,0,1,1,0
"Try at least one new healthy food this week to find what you like the most. There are so many vegetables, fruits, and healthy grains to choose from!",0,0,0,0,0,0,0,0,0,1,1,0
"A healthy meal includes a wide variety of colors, textures, and tastes. Try eating a healthy meal tonight that is colorful and complex!",0,0,0,0,0,0,0,0,0,1,1,0
"Set aside one night per week to have a healthy meal. Try a healthy ethnic dish, soup, or vegetarian option!",0,0,0,0,0,0,0,0,0,1,1,0
Delete - not relevant (diabetes),,0,0,0,0,0,0,0,,,,
"The best way to stay motivated to make a change is to develop a realistic plan for improvement and measure and track your progress! Try writing down a specific, realistic plan for improving your diet today!",0,0,0,0,0,0,0,0,0,1,1,0
"The best way to stay motivated to make a chance is to develop a realistic plan for improvement and measure and track your progress! Try writing down a specific, realistic plan for increasing physical activity today!",0,0,0,0,0,0,0,0,1,0,1,0
A great way to help you stay motivated is to recognize the small successes you make on the way to improving your diet and reward yourself!,0,0,0,0,0,0,0,0,0,1,0,0
A great way to help you stay motivated is to recognize the small successes you make on the way to meeting your physical activity goal and reward yourself!,0,0,0,0,0,0,0,0,1,0,0,0
Think about all the progress you've already made in improving your diet and how much closer you are now to reaching your ultimate goals!,0,0,0,0,0,0,0,0,0,1,1,0
Think about all the progress you've already made in increasing physical activity and how much closer you are now to reaching your ultimate goals!,0,0,0,0,0,0,0,0,1,0,1,0
Tracking your progress towards improving your diet and recognizing your successes along the way can help remind you of your goals and help keep you motivated!,0,0,0,0,0,0,0,0,0,1,0,0
Tracking your progress towards increasing your physical activity and recognizing your successes along the way can help remind you of your goals and help keep you motivated!,0,0,0,0,0,0,0,0,1,0,0,0
Working towards increasing your physical activity with a friend or family member can help keep you both motivated and on track through some friendly competition!,0,0,0,0,0,0,0,0,1,0,0,1
Working towards a healthier diet with a friend or family member can help keep you both motivated and on track through some friendly competition!,0,0,0,0,0,0,0,0,0,1,0,1
Family and friends can give you support and encouragement to keep you motivated. Who can you reach out to today for support in meeting your goal for a healthier diet?,0,0,0,0,0,0,0,0,0,1,1,1
Family and friends can give you support and encouragement to keep you motivated. Who can you reach out to today for support in meeting your physical activity goal?,0,0,0,0,0,0,0,0,1,0,1,1
"Going out to dinner can make it difficult to choose healthy food options. Try to look at menus online ahead of time to choose restaurants that have nutritious dishes lower in calories, sugar, and fat!",0,0,0,0,0,0,0,0,0,1,1,0
"Next time you go out to eat, consider swapping out french fries or chips for a vegetable side dish like a salad or steamed broccoli!",0,0,0,0,0,0,0,0,0,1,0,0
Restaurants often serve large portions. Try ordering an appetizer instead or splitting an entrée with a friend! Apps like MyFitnessPal can help you figure out approximate calories in your meal and track your daily caloric intake.,0,0,0,0,0,0,0,0,0,1,1,1
"When eating at a restaurant, don't be afraid to ask the waiter how a meal is prepared including what kind of oil is used or what ingredients may be in the meal that are not listed in the menu. Knowing more about the food can help you make healthy choices!",0,0,0,0,0,0,0,0,0,1,0,0
A way to avoid eating too much at social gatherings or when you go out to eat with friends is to have a healthy snack beforehand so you aren't so hungry!,0,0,0,0,0,0,0,0,0,1,0,1
"It might feel overwhelming to choose healthy options from a restaurant menu. Keeping your eye out for words like ""broiled,"" ""low-fat,"" ""steamed,"" or ""baked"" can help you identify the healthier dishes.",0,0,0,0,0,0,0,0,0,1,0,0
"A helpful tip for preventing over-eating is to drink water frequently, both before and during a meal. Drinking more water can help you stay hydrated and also helps you feel full!",0,0,0,0,0,0,0,0,0,1,0,0
"A heart-healthy diet involves foods that are low in calories, salt, and fat and high in fiber. What are some healthy choices you can make today?",0,0,0,0,0,0,0,0,0,1,1,0
Sitting for long periods of time can be detrimental to heart health. Try standing up every half hour and moving around for two minutes!,0,0,0,0,0,0,0,0,1,0,1,0
"The mind-body connection is a strong one. Stress is not only harmful for your mind but also harmful for your heart. If you are feeling stressed, try pausing and taking several deep breaths.",0,0,0,0,0,0,0,0,0,0,0,0
"Believe it or not, a small amount of healthy fat can be good for your heart! Foods like avocado, nuts, or olive oil are low in saturated and trans fats and are healthy choices to eat in moderation.",0,0,0,0,0,0,0,0,0,1,0,0
"Skin and fat on meats are high in cholesterol, which can be detrimental to your heart health. When eating meat, consider removing the skin and cutting away the fat for a more heart-healthy meal!",0,0,0,0,0,0,0,0,0,1,0,0
"High-fat dairy products can contain high levels of cholesterol. For a heart healthy option, try low- or non-fat dairy products instead!",0,0,0,0,0,0,0,0,0,1,0,0
Stress is bad for both your mind and your body. Have you been feeling stressed lately? Try confiding in a friend or family member about what's on your mind.,0,0,0,0,0,0,0,0,0,0,1,1
Have you been feeling stressed lately? Try this fun technique to relax: tense your forearms for five seconds and then release the tension for ten seconds. Repeat this with other areas of your body until you feel more calm.,0,0,0,0,0,0,0,0,0,0,1,0
"Have you been feeling stressed lately? Try taking deep breaths and counting slowly to 20 in your head. If that doesn't help, try confiding in a friend or family member about what's on your mind.",0,0,0,0,0,0,0,0,0,0,1,1
"Do specific events stress you out? If so, it can be helpful to develop a plan for how to relax before, during, and after the event. Try taking deep breaths or sharing your feelings with a friend!",0,0,0,0,0,0,0,0,0,0,1,1
Physical activity and a healthy diet can help control many risk factors for heart disease. Take a walk today and add some colorful vegetables to your meals!,0,0,0,0,0,0,0,0,1,1,1,0
"If you are over the age of 40, you should have your cholesterol levels checked every year to help maintain heart health. Schedule an appointment with your doctor today if you don't already have one!",0,0,0,0,0,0,0,0,0,1,1,0
"If you are under the age of 40, you should have your cholesterol levels checked every five years to maintain heart health. Make sure you know the recommended levels for LDL/HDL and triglycerides!",0,0,0,0,0,0,0,0,0,1,1,0
"The American Heart Association has identified the following as risk factors for heart disease: smoking, physical inactivity, high cholesterol, high blood pressure, diabetes, obesity, stress, alcohol consumption, and poor diet. Are any of these factors something you would like to change?",0,0,0,0,0,0,0,0,1,1,0,0
Being physically active and having a healthy diet can reduce your risk for heart disease. A heart-healthy lifestyle is your best defense against heart disease!,0,0,0,0,0,0,0,0,1,1,0,0
"High blood pressure increases the risk for developing both health disease and kidney failure. Be sure to have regular appointments with your doctor, exercise consistently, and eat healthy foods!",0,0,0,0,0,0,0,0,1,1,0,0
"To prevent or manage heart disease, you should exercise for at least 30 minutes 5 days per week. What can you do today to be active?",0,0,0,0,0,0,0,0,1,0,1,0
"To prevent or manage heart disease, eat healthy high-fiber foods that are low in cholesterol, trans fats, and saturated fats. Try to eat less than 300mg of cholesterol every day!",0,0,0,0,0,0,0,0,0,1,0,0
"To prevent or manage heart disease, try eating vegetables, fruits, and fiber-rich whole-grain foods, and limit how much sodium you eat. Try adding in two 3.5 oz servings of fish per week as well!",0,0,0,0,0,0,0,0,0,1,0,0
"To make the most out of your next trip to the grocery store, make a list ahead of time and stick to it. Make sure you include some healthy snacks!",0,0,0,0,0,0,0,0,0,1,1,0
Looking through local grocery fliers to find what items are on sale is a good way to save time and money the next time you go to the grocery store.,0,0,0,0,0,0,0,0,0,1,0,0
Cooking healthy meals can seem time-consuming and complicated at times. Cutting up your veggies ahead of time and saving leftovers for future meals are great ways to save time!,0,0,0,0,0,0,0,0,0,1,0,0
"A healthy meal is made up of 50% non-starchy vegetables and fruits, 25% grains, and 25% lean protein (for example, chicken or fish). Fill your grocery cart with these foods!",0,0,0,0,0,0,0,0,0,1,1,0
"It may not be realistic to eliminate desserts and sweets completely from your diet. Just remember, indulge in moderation!",0,0,0,0,0,0,0,0,0,1,0,0
"Thinking about healthy ways to prepare food for dinner? Try grilling, steaming, or baking meats and veggies to minimize unhealthy fats.",0,0,0,0,0,0,0,0,0,1,0,0
Try to avoid sodas and fruit drinks that are high in sugar and calories. Water is always the healthiest and cheapest option!,0,0,0,0,0,0,0,0,0,1,0,0
Making changes can be difficult. Consider joining a support group with others trying to be more physically active. It's a great way to encourage yourself and others to stay on the path towards a healthy lifestyle!,0,0,0,0,0,0,0,0,1,0,1,1
"If you have trouble staying on track, consider writing down your physical activity goals and sharing them with your friends and family. They can cheer you on and hold you accountable!",0,0,0,0,0,0,0,0,1,0,1,1
"If you have trouble staying on track, consider writing down your goals for improving your diet and sharing them with your friends and family. They can cheer you on and hold you accountable!",0,0,0,0,0,0,0,0,0,1,1,1
"If you're looking for more support, try joining a new fitness club. You might meet other people with similar goals for increasing physical activity who can work with you and encourage you!",0,0,0,0,0,0,0,0,1,0,1,1
Consider speaking with a professional in your community with specialized training in promoting healthy behaviors. You can learn new tips for increasing physical activity and receive extra support in working towards your goals! ,0,0,0,0,0,0,0,0,1,0,1,0
Consider speaking with a professional in your community with specialized training in promoting healthy behaviors. You can learn new tips for improving your diet and receive extra support in working towards your goals! ,0,0,0,0,0,0,0,0,0,1,1,0
"Sometimes negative friends, family members, or coworkers can discourage you from increasing your level of physical activity. Don't let them drag you down; you are in control of the choices you make!",0,0,0,0,0,0,0,0,1,0,0,0
"Sometimes negative friends, family members, or coworkers can discourage you from eating healthier foods. Don't let them drag you down; you are in control of the choices you make!",0,0,0,0,0,0,0,0,0,1,0,0
Invite your friends to make healthier choices with you. Having extra support can make it easier to stay focused and on track when trying to be more active!,0,0,0,0,0,0,0,0,1,0,1,1
"Support groups can be helpful in connecting you with people who are also trying to make healthier choices like increasing your level of physical activity. You can also receive help with healthcare, transportation, and finances as well!",0,0,0,0,0,0,0,0,1,0,0,1
"Support groups can be helpful in connecting you with people who are also trying to make healthier choices like eating healthier foods. You can also receive help with healthcare, transportation, and finances as well!",0,0,0,0,0,0,0,0,0,1,0,1
The food you eat and the beverages you drink all contain calories. Your body burns these calories when you are active. The goal is to balance the calories you take in with the ones you burn!,0,0,0,0,0,0,0,0,0,1,0,0
It can be helpful to track your calories throughout the day. Set a realistic goal for yourself and try not to go over it!,0,0,0,0,0,0,0,0,0,1,1,0
"If you are interested in cutting calories, try substituting water or skim milk for a sugary, high-calorie beverage. You might be surprised how many calories this saves you!",0,0,0,0,0,0,0,0,0,1,0,0
"There are easy ways to burn calories that don't require major changes to your daily schedule. Try climbing a hill, walking out of your way to get extra steps, or walking faster than you normally would!",0,0,0,0,0,0,0,0,1,0,1,0
"When snacking in front of the TV, it's easy to lose track of how much you eat. Try using a small bowl or dish to set aside a reasonable portion before you sit down to prevent over-eating!",0,0,0,0,0,0,0,0,0,1,1,0
"We can spend a lot of time during the day sitting, whether it be for work or for pleasure. Between meetings or commercial breaks, try to do an active activity like walking in place or doing some jumping jacks!",0,0,0,0,0,0,0,0,1,0,1,0
"If you're hungry when you go to the grocery store, you're more likely to choose comfort foods over healthy items. Try having a small snack before you leave so you can make better, healthier choices!",0,0,0,0,0,0,0,0,0,1,1,0
"Sometimes when we're bored, our bodies can mistake that feeling for hunger. If this is a problem for you, try talking a walk or chatting with a friend instead. If the hunger persists, try a small healthy snack!",0,0,0,0,0,0,0,0,0,1,1,0
"Healthy habits can feel like a chore, especially if you're trying to fit them into an already busy schedule. Set aside small portions of baby carrots or trail mix that you can easily grab on the go!",0,0,0,0,0,0,0,0,0,1,1,0
"You might be surprised to learn how unhealthy some beverages can be. Next time you're thirsty, try water, unsweetened tea, or another low-sugar option instead of soda or beer.",0,0,0,0,0,0,0,0,0,1,1,0
"Changing your diet can be really difficult! If you find yourself struggling, try to identify possible triggers for unhealthy habits (e.g., eating more when you are bored). Once you've identified these triggers, brainstorm how you can avoid them!",0,0,0,0,0,0,0,0,0,1,1,0
"Increasing physical activity can be very difficult, especially if you struggle with pain or fatigue. Start with a low-impact exercise like walking with a friend or doing yoga instead of a vigorous high-impact activity like running.",0,0,0,0,0,0,0,0,1,0,0,1
"Casual snacking can be unhealthy when we lose track of the amount of food we are eating. Instead of snacking at the same time as you are working or watching TV, try to eat a healthy snack when you are not distracted and can be more conscious about your portion control.",0,0,0,0,0,0,0,0,0,1,1,0
"Sometimes the foods we love the most are detrimental to our health. If you have a favorite dish that has unheatlhy ingredients, try exploring what healthier ingredients you can use as substitutes rather than avoiding the dish altogether!",0,0,0,0,0,0,0,0,0,1,1,0
"Coping with stress can be very difficult. Sometimes, we tend to use food to try to improve our mood. If you know you do this, make sure you have healthy choices on hand like fruits and vegetables and explore other ways to reduce stress!",0,0,0,0,0,0,0,0,0,1,1,0
It can be hard to stick to a healthy diet if your friends or family members are not doing the same. Try letting your friends and family members know about your health eating goals and encourage them to eat healthy with you!,0,0,0,0,0,0,0,0,0,1,1,1
"Negative thoughts can be a barrier to positive change in your life. When you're feeling down, try to identify negative thoughts and conciously replace them with encouragements or positive thoughts. Slowly, you'll get in the habit of positivity!",1,0,0,0,0,1,0,0,0,0,1,0
"When setting goals, remember that it can be easy to make excuses and slide back into old habits. If you plan to go for a walk three days this week, but it rains every day, have an alternative plan like using a treadmill or walking around an indoor mall.",0,0,0,0,0,0,0,0,1,0,0,0
"When making changes to your diet, it can be easy to become frustrated if you assume that you can never enjoy your favorite foods again. Try to avoid this kind of black-or-white thinking and remember that almost any food is ok for you in moderation!",0,0,0,0,0,0,0,0,0,1,1,0
"It's natural to try to compare yourself to others, but this is not always helpful. If you're feeling discouraged about your health compared to those around you, just focus on the many positive changes you've already made in your life!",1,0,0,0,0,1,0,0,0,0,1,0
Tracking what you eat every day is a great way to be more aware of your diet. Try keeping a food diary so you can see where you are doing well and where you can make improvements.,0,0,0,0,0,0,0,0,0,1,1,0
"Tracking what you eat every day is a great way to be more aware of your diet. If you like using phone apps, try MyFitnessPal or other similar apps that allow you to track your daily calories in an easy and quick way!",0,0,0,0,0,0,0,0,0,1,1,0
"Food packaging often has a lot of helpful information. First, look at the serving size; often, one serving is only a portion of the package and not the whole thing. Next, focus on the calories and carbohydrates per serving and note these in your food diary!",0,0,0,0,0,0,0,0,0,1,1,0
"It is always helpful to check the nutrition label on snacks and meals. While high amounts of fiber, protein, and vitamins are beneficial, you want to make sure that you are limiting your intake of carbohydrates, fat, and sodium.",0,0,0,0,0,0,0,0,0,1,0,0
"Keeping track of your food can feel like a time-consuming chore with your busy schedule. Try keeping a piece of paper or a phone app on hand to make tracking faster after each meal. Alternatively, you can take a picture of your meal before you eat so you can record it later!",0,0,0,0,0,0,0,0,0,1,1,0
"Keeping track of your food can feel like a time-consuming chore, especially when you have to make note of your food several times per day. Try setting reminders on your phone or watch; soon, it will just feel like a normal part of your regular routine!",0,0,0,0,0,0,0,0,0,1,1,0
"Getting started with a new exercise routine can feel really intimindating! Try starting with short, low-intensity exercises such as taking a walk around the block. Then, work up gradually in intensity as you feel yourself getting stronger!",0,0,0,0,0,0,0,0,1,0,1,0
Setting goals can be really helpful in establishing a new routine. Try setting exercise goals for yourself based on your own personal fitness level. Your goals should be challenging yet realistic so you don't get discouraged!,0,0,0,0,0,0,0,0,1,0,1,0
"You don't need fancy machines or weights to build your muscles. Try strength training with body weight exercises like squats, push-ups, or lunges in the comfort of your own home!",0,0,0,0,0,0,0,0,1,0,1,0
"Fitting exercise into your busy day can be a challenge! There are often simple changes that you can try that will make a big difference. For example, try waking up just 30 minutes earlier or leaving a few minutes after dinner to fit in a walk.",0,0,0,0,0,0,0,0,1,0,0,0
"A simple way to add exercise into your schedule is to walk or bike places instead of driving. If it's possible, try walking or biking to work or when doing errands to increase your daily physical activity!",0,0,0,0,0,0,0,0,1,0,1,0
Most of us spend more time analyzing bad events rather than savoring and appreciating positive events. Focusing on the positive is a skill that takes time and practice. Try to reflect on three positive moments from your day today!,1,1,0,0,0,0,0,0,0,0,1,0
"Even during difficult times, it is often possible to recognize positive moments. Recognize and face your challenges today with determination but also try to note and appreciate the small, positive moments along the way!",1,1,0,0,0,0,0,0,0,0,1,0
"Take time today to reflect on one positive thing that has happened and think about how it made you feel. If you write it down, you may experience an even bigger boost of joy from the simple act of recording it!",1,1,0,0,0,0,0,0,0,0,1,0
"People often remember negative events more easily than positive events. Today, try to balance this out by purposefully focusing more on the good parts of your day rather than the negative parts!",1,1,0,0,0,0,0,0,0,0,1,0
"Focusing on bad events can help us learn from them and avoid similar situations in the future. However, don't forget to savor and appreciate the good events as well so you can have more of them in the future!",1,1,0,0,0,0,0,0,0,0,0,0
"It is common to spend more time focusing on our shortcomings rather than our strengths. Today, remind yourself of one of your personal strengths and brainstorm a way to use this personal strength in a new way this week!",1,0,0,1,0,0,0,0,0,0,1,0
"Having a sense of mastery or expertise over something can feel really good. Today, do something that you are good at to remind yourself of your abilities!",1,0,0,1,0,0,0,0,0,0,1,0
"Reflecting on personal strengths can help you realize just how remarkable your abilities are. Today, try using a talent or strength that you haven't thought about in awhile!",1,0,0,1,0,0,0,0,0,0,1,0
"Using our unique personal strengths can boost self-esteem, increase energy, reduce stress, and increase feelings of productivity. Use a personal strength today to give youreself a boost of energy!",1,0,0,1,0,0,0,0,0,0,1,0
We often don't give ourselves enough credit for our skills and expertise. Spending more time thinking about your strengths can help you remember to give yourself the credit you deserve!,1,0,0,1,0,0,0,0,0,0,0,0
A personal strength is a quality that feels genuine to who you are as a person. Identify a personal strength and use it today to put yourself back in touch with who you feel you truly are.,1,0,0,1,0,0,0,0,0,0,1,0
"Choose and use one of your many personal strengths today! Possibilities include curiosity, love of learning, bravery, persistence, honesty, love, or teamwork.",1,0,0,1,0,0,0,0,0,0,1,0
"Choose and use one of your many personal strengths today! Possibilities include fairness, leadership, humility, self-control, appreciation of beauty and excellence, humor, or spirituality.",1,0,0,1,0,0,0,0,0,0,1,0
"The more you can use your personal strengths in new or different ways, the greater the boost of happiness or confidence you might get in return!",1,0,0,1,0,0,0,0,0,0,0,0
Research shows that life satisfaction depends less on actual events and more on what we choose to pay attention to. Write down three things that you are grateful for today!,1,1,0,0,0,0,0,0,0,0,1,0
Writing a short thank you note to express your gratitude for another person's kindness can help remind you of how good people can be. Try it today!,1,1,0,0,0,0,0,0,0,0,1,1
Think back over the last several years and recall an instance when someone did something for you for which you are grateful. Consider writing a note or calling them to thank them today!,1,1,0,0,0,0,0,0,0,0,1,1
Think of someone who has been especially kind to you but who has never heard you fully express your gratitude. Consider thanking them today with an email or phone call!,1,1,0,0,0,0,0,0,0,0,1,1
"When something good happens today, try to capitalize on it by sharing what happened with loved ones, recording the event, or celebrating it in some way!",1,1,0,0,0,0,0,0,0,0,1,1
Celebrations don't have to be reserved only for major events. Try to celebrate something small today for which are grateful and see if it boosts your mood!,1,1,0,0,0,0,0,0,0,0,1,0
You can boost the enjoyment of something positive today by sharing what happened with a friend or a loved one. Sharing your joy can magnify it!,1,1,0,0,0,0,0,0,0,0,1,1
"Today, reflect on a past success. Think about how it felt to achieve your success and how you played a role in making it happen. Remembering past successes can boost confidence and motivate you to achieve more!",1,0,0,1,0,0,0,0,0,0,1,0
Remembering past successes is not always easy. Try reminding yourself of your capabilities and strenghts by visualizing a past success today!,1,0,0,1,0,0,0,0,0,0,1,0
Recalling a past success and identifying how you contribued to the achievement can help you understand how you can succeed again in the future. What past success can you use to motivate you today?,1,0,0,1,0,0,0,0,0,0,1,0
"Our personal strengths, past successes, and accomplishments are important aspects of our identity and our lives. Reflecting on these can boost mood and show us how we can achieve more success in the future!",1,0,0,1,0,0,0,0,0,0,0,0
"A past success can be large or small, public or private. Think of a success you've had in the past and the skills and qualities you used to make it happen. You can use these skills and qualities again to make a difference in your life!",1,0,0,1,0,0,0,0,0,0,1,0
"Today, think of a past success. How did you achieve it? How did it feel when you accomplished it? Most importantly, how can you use your strengths and skills again to achieve more success?",1,0,0,1,0,0,0,0,0,0,1,0
Thinking of a past success can remind you that you have the skills to be successful again in the future. Take a moment today to remember something you have accomplished and how that experience can help you achieven more!,1,0,0,1,0,0,0,0,0,0,1,0
"Research has shown that variety and novelty (newness) are important for leading a satisfying life. Today, do something totally new or try making an old activity new and interesting!",1,0,0,0,1,0,0,0,0,0,1,0
"Try to have a good mix of enjoyable and meaningful activities in your life. Can you do something that's either fun or meaningful today? What might you need more of today, enjoyment or meaning?",1,0,0,0,1,0,0,0,0,0,1,0
A great way to boost your mood is to engage in fun or meaningful activities. What can you do? Schedule in an activity on your calender for later today or this week if you can!,1,0,0,0,1,0,0,0,0,0,1,0
"Enjoyable activities can be done both alone and with others. If you've been doing more activities alone lately, try to do something fun with someone else today and vice versa!",1,0,0,0,1,0,0,0,0,0,1,1
"Sometimes doing an enjoyable or meaningful activity on your own can help you feel more energized and motivated. Today, try to do something alone that you love or something that brings you peace!",1,0,0,0,1,0,0,0,0,0,1,0
Doing an enjoyable or meaningful activity with others can help you feel more connected and foster joy for multiple people at the same time. Try to schedule something today or tomorrow with friends or loved ones!,1,0,0,0,1,0,0,0,0,0,1,1
Happiness is best found when engaging in enjoyable and meaningful activities. Try to schedule one of each for later this week!,1,0,0,0,1,0,0,0,0,0,1,0
A meaningful activity is one that enhances the sense of meaning and purpose for your life. Can you schedule something meaningful to do today or tomorrow?,1,0,0,0,1,0,0,0,0,0,1,0
"One way to bring more joy into your life is to fill your life with the activities that bring you the most happiness. Today, try to do something you love to multiply your joy! ",1,0,0,0,1,0,0,0,0,0,1,0
"Just thinking about happiness does not always make you happier. Instead, try engaging in something that makes you happy in an active way. What is something that you love that you can do today?",1,0,0,0,1,0,0,0,0,0,1,0
"Humor can lighten the mood, help you feel relaxed, and relieve stress by distracting you from your worries. Try to look at something in your life today with humor and see if you feel any positive benefits!",1,0,0,0,0,0,1,0,0,0,1,0
Humor can bring joy and enrich our lives. Having a sense of humor can also help us cope with life's challenges and make the best of situations. How can you use humor to bring joy to your life today?,1,0,0,0,0,0,1,0,0,0,1,0
Laughter is contagious and can strengthen our social connections. What makes you laugh? How can you bring more humor to yourself and your loved ones today?,1,0,0,0,0,0,1,0,0,0,1,1
"Humor can bring joy and enrich our lives, but it does not always have to be so obvious that it makes us laugh out loud. Anything strange or amusing or anything that makes you smile can bring positive benefits. Look for a little humor in your life today!",1,0,0,0,0,0,1,0,0,0,1,0
"If used correctly, humor can help you cope with stress. A smile or laugh can improve your mood and may even boost your physical health!",1,0,0,0,0,0,1,0,0,0,0,0
"Being able to find humor during difficult times is a hard thing to do but can be a good way to manage stress. If you are able to see the humor, it may also boost your mood and motivation.",1,0,0,0,0,0,1,0,0,0,1,0
"Sometimes it is true that ""laughter is the best medicine."" Write yourself a prescription for humor to get through both the good times and the bad!",1,0,0,0,0,0,1,0,0,0,1,0
"Today, try to identify the humorous side of something that happens. Whether you laugh, smile, or are simply mindful of the humor in life, it might help you get through the day!",1,0,0,0,0,0,1,0,0,0,1,0
Being kind and generous can lead you to see others in a more positive light and can foster a sense of community. Do one small act of kindness for another person today and see how it feels!,1,0,0,0,1,0,0,0,0,0,1,1
Doing kind acts can help you appreciate your own good fortune. Try to do something nice for someone today and see how it feels!,1,0,0,0,1,0,0,0,0,0,1,1
Being kind to someone else can be a welcome distraction from your own troubles and can put things in perspective. Try to do something kind for a friend or stranger today!,1,0,0,0,1,0,0,0,0,0,1,1
"A major benefit of being kind to others is that it can boost your self-esteem and change how you see yourself. Do something kind for someone else today, and you might just get a boost of positivity in return!",1,0,0,0,1,0,0,0,0,0,1,1
"When you are kind to others, you may begin to view yourself as a person who is kind and caring. Try to do one small act of kindness today!",1,0,0,0,1,0,0,0,0,0,1,1
"Studies find that helping others or volunteering for a good cause can help people better understand their own abilities, resources, and expertise. Try to help someone today, even in a small way!",1,0,0,0,1,0,0,0,0,0,1,1
"When people help others, they often feel that they have greater control over their own lives. Try to do something kind today for someone else and see how it feels!",1,0,0,0,1,0,0,0,0,0,1,1
Doing something kind for someone else can help restore your energy after a difficult situation or help you replace negative thoughts with more positive ones. Try doing something kind for someone today!,1,0,0,0,1,0,0,0,0,0,1,1
"You may already do kind things for other people on a regular basis. If so, today, try to do something kind for someone in a way that you've never tried before!",1,0,0,0,1,0,0,0,0,0,1,1
"Take a moment today to reflect on a kind act you have done for someone else in the past. Now, try to think of a small kind act you can do for another person in the future!",1,0,0,0,1,0,0,0,0,0,1,0
Performing an act of kindness for someone else can bring you feelings of joy or satisfaction. Try to do something kind for someone today. Don't worry about whether they will appreciate it; just enjoy yourself!,1,0,0,0,1,0,0,0,0,0,1,1
"As an act of kindness, give someone a genuine compliment today. See how it feels to let a person know that you value his/her good qualities!",1,0,0,0,1,0,0,0,0,0,1,1
"During difficult times, it is natural to think that you would be happier if only the circumstances changed. Today, if you find yourself in a difficult spot and you can't change the circumstances, try to change your attitude and think more positive thoughts!",1,0,0,0,0,1,0,0,0,0,1,0
"Performing intentional activities to promote happiness can be powerful, regardless of what challenges are present in your life. Schedule an activity today that can bring you joy or a greater sense of meaning!",1,0,0,0,0,0,0,1,0,0,1,0
Experiencing more positive emotions is a lot like learning a new expertise; it takes daily and deliberate practice to cultivate the right skills. Observe one positive emotion today and determine what caused it so you can experience it again!,1,0,0,0,0,0,0,1,0,0,1,0
Being happier can help people to engage in healthier behaviors such as being physically active or eating healthier foods. Think of something that makes you happy and use it as fuel to improve your life!,1,0,0,0,0,0,0,1,0,0,1,0
"Today, if you notice yourself having frequest negative thoughts, try to turn your mind back to the present moment and focus on the positive instead.",1,0,0,0,0,1,0,0,0,0,1,0
Engaging in activities that are out of the ordinary can be fulfilling and boost positive emotions. Try a new enjoyable activity or pick a new way to be kind to someone else today and see how you feel!,1,0,0,0,1,0,0,0,0,0,1,0
"If you plan the positive activities you will do ahead of time, you will feel positive in anticipation of the activity, during the activity, and afterwards! What can you plan for today?",1,0,0,0,0,0,0,1,0,0,1,0
"There are many positive feelings other than just ""good"" or ""happy."" The better you can become at describing exactly what positive emotion you are feeling (e.g., joy, inspiration, etc.), the more you can realize how bountiful they are!",1,0,0,0,0,0,0,1,0,0,0,0
"Here are 12 common positive emotions: gratitude, love, hope, determination, acceptance, pride, relief, serenity, interest, connectedness, inspiration, and joy. How can you cultivate one of these feelings?",1,0,0,0,0,0,0,1,0,0,0,0
"Research suggests that up to 50% of your happiness is under your own control. Today, purposefully do an activity that brings you well-being or joy!",1,0,0,0,0,0,0,1,0,0,1,0
Research has shown that physical activity is a great way to improve your mood. Try exercising today and notice how you feel afterwards!,0,0,0,0,0,0,0,0,1,0,1,0
A regular exercise routine can boost your overall energy levels. What can you do today to be physically active?,0,0,0,0,0,0,0,0,1,0,1,0
Regular exercise can improve your immune system and make it less likely that you will get sick. Try to boost your physical health with some kind of physical activity today!,0,0,0,0,0,0,0,0,1,0,1,0
Exercise can improve focus and make the brain work better. How can you be active today to improve both your body and your mind?,0,0,0,0,0,0,0,0,1,0,1,0
Did you know that exercise can help you grow new brain cells and improve your memory? Add in more exercise to your routine and see if your mind feels sharper!,0,0,0,0,0,0,0,0,1,0,0,0
"Exercise, even walking, can help keep your muscles strong and your body healthy. What can you do today to be active and keep your muscles strong?",0,0,0,0,0,0,0,0,1,0,1,0
Our muscles can lose strength rapidly when we don't use them. Regular exercise can prevent this and keep your muscles strong and healthy!,0,0,0,0,0,0,0,0,1,0,0,0
Exercise can improve circulation so that you will have better blood flow to your whole body. Can you take a walk today to get your blood flowing?,0,0,0,0,0,0,0,0,1,0,1,0
"The heart is a big muscle, and like all muscles, it needs exercise to stay strong. Take a walk today to keep your hearth strong and healthy!",0,0,0,0,0,0,0,0,1,0,1,0
"If losing weight is one of your goals, remember that one of the best ways to control weight is to take a walk or exercise in some other way every day. What can you do to be active today?",0,0,0,0,0,0,0,0,1,0,1,0
People who exercise more live longer. It's never too late to start being active! Do you want to take a walk today and set a goal to make it a habit?,0,0,0,0,0,0,0,0,1,0,1,0
"Despite knowing that exercise has many benefits, it can be hard to get motivated to be active every day. Can you think of one way to be more active today?",0,0,0,0,0,0,0,0,1,0,1,0
You are more likely to stick with an exercise routine if you enjoy the type of activity you are doing. It's always helpful to try many different types of physical activity to see what you like the most!,0,0,0,0,0,0,0,0,1,0,0,0
How important is physical activity to you? What motivates you to be more physically active? Can you think of a reason to be active today?,0,0,0,0,0,0,0,0,1,0,1,0
"Knowledge is power! By tracking your physical activity, you can learn more about what motivates you or what makes it less likely that you will be active on any given day. Try tracking your activity today!",0,0,0,0,0,0,0,0,1,0,1,0
"Pedometers, step-counters, smartwatches, and even phones can help you measure and track your physical activity goals. Can you use one of these today to see how many steps you take?",0,0,0,0,0,0,0,0,1,0,1,0
Developing a system to track your physical activity can make it easier to establish an exercise routine. How can you start tracking today?,0,0,0,0,0,0,0,0,1,0,1,0
Sometimes we don’t realize how much time we spend sitting without moving our bodies very much. Track your physical activity today so you can be aware of how much you move throughout the day!,0,0,0,0,0,0,0,0,1,0,1,0
"The more specific and measurable you can make your physical activity goals, the better chance you have of knowing whether you have met your goal! Is your physical activity goal specific and measurable?",0,0,0,0,0,0,0,0,1,0,0,0
"In the long run, it is best to have goals that are attainable and realistic. Is your physical activity goal one that you could sustain? If not, think about changing it!",0,0,0,0,0,0,0,0,1,0,1,0
"Have you noticed whether anything makes it easier for you to exercise? Is it a friend, a certain song, or a specifc routine? Whatever it is, write it down and try to use it for motivation today!",0,0,0,0,0,0,0,0,1,0,1,0
"What makes it more difficult for you to exercise? Is it weather, a bad mood, fatigue? Try brainstorming what your barriers are and writing down ways to problem-solve around them!",0,0,0,0,0,0,0,0,1,0,1,0
Is there a safe place nearby where you could walk or exercise? Try thinking of a spot where you don't normally go and explore a new part of your neighborhood today.,0,0,0,0,0,0,0,0,1,0,1,0
Adding variety into your routine is good for both the mind and the body. Why not try taking a walk along a different route today?,0,0,0,0,0,0,0,0,1,0,1,0
"Local parks, walking trails, or even indoor malls can be great places to take a walk. Try finding a new place to walk today!",0,0,0,0,0,0,0,0,1,0,1,0
Sometimes it's easier to stick with your exercise goals if you share them with a friend or family member who can help keep you on track. Can you tell someone you care about today about your physical activity goals?,0,0,0,0,0,0,0,0,1,0,1,1
Some people find that physical activity is more enjoyable when it is done with others. Try finding a friend or family member who can exercise with you this week!,0,0,0,0,0,0,0,0,1,0,1,1
"Many cities and towns have community centers, classes, gyms, and other resources for physical activity. This week, try looking into what resources you have in your community!",0,0,0,0,0,0,0,0,1,0,1,0
Setbacks and slips are a normal part of progress. What matters most is not giving up after a setback. Think of a time when you persevered through a setback and use that to motivate you today to meet your physical activity goal!,0,0,0,0,0,0,0,0,1,0,1,0
"Today, think of one way that you can make yourself less likely to experience setbacks with your physical activity goals in the future. Write it down and remember not to be hard on yourself if you do slip up; it happens to all of us!",0,0,0,0,0,0,0,0,1,0,1,0
"Sitting for several hours during the day can lead to reduced strength and energy over time. Today, try to get up every 30 minutes to move around!",0,0,0,0,0,0,0,0,1,0,1,0
"Reducing sitting or sedentary time can improve your energy level, help with pain and body aches, and reduce your risk of disease. Try to get up and move every half an hour today!",0,0,0,0,0,0,0,0,1,0,1,0
"Today, try to use a reminder system like a watch or phone alarm to help you remember to get up, stretch, and move every 30 to 60 minutes!",0,0,0,0,0,0,0,0,1,0,1,0
Sitting for prolonged periods of time can be bad for your heart and body. Try to find ways to get up and stretch often today!,0,0,0,0,0,0,0,0,1,0,1,0
"Today, think of three pros and three cons of having physical activity as a part of your daily routine. Do you want to exercise regularly? How might you do it?",0,0,0,0,0,0,0,0,1,0,1,0
Did you know that walking for even an additional 15 minutes per day can improve health and well-being? Try to take a walk today either alone or with a friend!,0,0,0,0,0,0,0,0,1,0,1,0
"Today, try to incorporate gratitude into your life. Stop for a few minutes and write down three good things that happened to you this week.",1,1,0,0,0,0,0,0,0,0,1,0
There are easy tricks you can use to increase your activity every day. Try parking farther away in a parking lot or taking the stairs instead of the elevator whenever you can!,0,0,0,0,0,0,0,0,1,0,1,0
"Try to perform an act of kindness for someone else today. It can be big or small, but notice what positive thoughts and feelings you have when you do it!",1,0,0,0,1,0,0,0,0,0,1,1
"The American Heart Association recommends walking as one of the most effective forms of exercise for achieving heart health. Walk whenever you can; in fact, try to take a walk today!",0,0,0,0,0,0,0,0,1,0,1,0
"Today, try to take a few minutes to express your gratitude to someone who has done something kind for you at some point in your life. You can write them a letter, call them, or thank them in person!",1,1,0,0,0,0,0,0,0,0,1,1
"People who schedule exercise time on their calendar like they would any other important appointment/task are more likely to stick with a physical activity plan. Can you schedule a time to exercise today, even if it's just a short walk?",0,0,0,0,0,0,0,0,1,0,1,0
Time for a boost of positive thoughts and feelings! Take some time today to think about a successful event in your life and how you personally contributed to that success.,1,0,0,1,0,0,0,0,0,0,1,0
"Another simple way to improve your health is to reduce the amount of time you spend sitting down throughout the day. Today, try to be mindful of times when you are sitting for an hour or longer and get up and move around!",0,0,0,0,0,0,0,0,1,0,1,0
"At the end of the day today, think of one positive event from today and one positive thing you are looking forward to. You can ask a friend to do this with you, too!",1,1,1,0,0,0,0,0,0,0,1,1
"When it comes to physical activity, every little bit counts. How can you take a few extra steps today to increase your activity level and benefit your overall health? ",0,0,0,0,0,0,0,0,1,0,1,0
Research shows that having social support can make a big difference in achieving physical activity goals. Try telling a friend or family member today about your exercise goals!,0,0,0,0,0,0,0,0,1,0,1,1
"If you can, take some time today to stop and appreciate something positive. It could be an important friendship, a beautiful view, or another person's kind act. See how it feels!",1,1,0,0,0,0,0,0,0,0,1,0
Take some time today to think of a simple plan for how you can be more active. Make sure it is realistic and something you feel you can commit to for the next week (like walking for 20 minutes each day). Write it down and try to follow it for the next 7 days!,0,0,0,0,0,0,0,0,1,0,1,0
Exercise can boost your energy level so that you feel more energetic and motivated in general. What can you do today to exercise your body?,0,0,0,0,0,0,0,0,1,0,1,0
Research suggests that people who exercise more also live longer! It's never too late to start exercising. How about taking a walk today and making it a habit?,0,0,0,0,0,0,0,0,1,0,1,0
Did you know that exercise can help you grow new brain cells and improve your memory? Start exercising today to stay sharp!,0,0,0,0,0,0,0,0,1,0,1,0
You are more likely to stick with a physical activity routine if you enjoy what you are doing. It's helpful to try many different types of activity to find what you like most. You can start this week!,0,0,0,0,0,0,0,0,1,0,1,0
Physical activity is a great way to boost your mood. Try exercising for at least 15 minutes today and see if you feel any improvements in your mood or energy level!,0,0,0,0,0,0,0,0,1,0,1,0
What are some reasons why physical activity may be important to you? Can you think of something that motivates you to be more physically active today?,0,0,0,0,0,0,0,0,1,0,1,0
What are your barriers for physical activity? Can you brainstorm and write down a way to get around these potential barriers this week?,0,0,0,0,0,0,0,0,1,0,1,0
Sometimes social support can help you meet your physical activity goals. Try telling a friend or family member today about your goals and see if they can help you stay on track!,0,0,0,0,0,0,0,0,1,0,1,1
"For some people, exercise is more fun when it is done with other people. Try finding an exercise partner this week and see how it feels!",0,0,0,0,0,0,0,0,1,0,1,1
Setbacks are a normal part of progress and improvement. What matters most is that you don't give up! Can you think of a time when you had a setback but did not give up? Use this memory as motivation to meet your physical health goals!,0,0,0,0,0,0,0,0,1,0,1,0
"Sitting for long periods of time can lead to reduced strength and energy. Today, try to stand up every 30 minutes and move around!",0,0,0,0,0,0,0,0,1,0,1,0
"People often focus on negative events rather than the good, positive things that happen. Today, try to notice three good things to promote gratitude and optimism!",1,1,1,0,0,0,0,0,0,0,1,0
"Research indicates that life satisfaction depends less on actual events and more on what we choose to pay attention to. Today, try to focus on the positive and write down three things for which you feel gratitude!",1,1,0,0,0,0,0,0,0,0,1,0
Think back over the last several years and remember an instance when someone did something nice for you. Consider writing or calling them to express your gratitude today!,1,1,0,0,0,0,0,0,0,0,1,1
"Today, think about a success you have had in your life and spend time savoring how it felt to achieve this success and how you played a role in making it happen. See if you can use this experience to build your confidence and motivation going forward!",1,0,0,1,0,0,0,0,0,0,1,0
Tracking your physical activity can be very motivating and helpful for achieving your goals. Consider using a calendar to mark off the days you are active and record how many minutes you spent being active!,0,0,0,0,0,0,0,0,1,0,1,0
One way to stay more focused on the positive aspects of your life is to use a calendar to write down one thing you are grateful for each day. Try this out today!,1,1,0,0,0,0,0,0,0,0,1,0
Scientific research suggests that performing small acts of kindness can improve your mood and how you think about yourself. Think about what you can do today to be kind to someone else!,1,0,0,0,1,0,0,0,0,0,1,0
Is there someone in your life who motivates you to be healthier? Can you spend time with them or reach out to them today?,0,0,0,0,0,0,0,0,0,0,1,1
"It is often easier to add new healthy foods into your diet rather than cutting out the unhealthy foods all at once. Today, try to add some healthy foods into your meals like a large serving of vegetables!",0,0,0,0,0,0,0,0,0,1,1,0
"Soda and fruit juice can contain a great deal of sugar and can actually make you feel more tired rather than energized. Instead, try to find a healthier replacement today like water, coffee, or tea!",0,0,0,0,0,0,0,0,0,1,1,0
"A great way to eat healthy is to eat foods that are fresh and natural, like vegetables, fruits, nuts, beans, or fish. Is there a healthy, natural food you would like to eat today?",0,0,0,0,0,0,0,0,0,1,1,0
Vegetables are the healthiest food group by far. Try to eat some vegetables with each meal today if you can!,0,0,0,0,0,0,0,0,0,1,1,0
"The hungrier we are when choosing food, the harder it can be to choose a healthy option. If you can, try to plan your meals ahead of time when you aren't feeling hungry!",0,0,0,0,0,0,0,0,0,1,1,0
"Stress can have a harmful effect on your physical health over time. Today, when you feel worried, try taking deep, slow breaths and focus your attention only on what is within your control to change.",0,0,0,0,0,0,0,0,0,0,1,0
"It can be helpful to remember that almost everyone you meet is facing some kind of internal struggle. Today, try to be especially kind and understanding to others…and to yourself!",1,0,0,0,0,0,0,1,0,0,1,1
Making a list of your favorite healthy foods and having them easily available at home can help keep you on track in terms of a healthy diet. Can you make a list of your favorite healthy foods today?,0,0,0,0,0,0,0,0,0,1,1,0
The simplest way to improve your diet is to fill your plate with more vegetables for each meal. Try to increase the amount of vegetables you eat this week by 20%!,0,0,0,0,0,0,0,0,0,1,1,0
"Be careful of foods like white bread that are made of simple carbohydrates. Try to use foods rich in complex carbohydrates instead like whole wheat breads, whole grain crackers, or brown rice!",0,0,0,0,0,0,0,0,0,1,1,0
"Some fats are actually good for you! Olive oil, soybeans, nuts, or avocados are all examples of healthy fats. ",0,0,0,0,0,0,0,0,0,1,0,0
"It is a good idea to avoid foods with ""partially hydrogenated"" oils listed as an ingredient. Partially hydrogenated oils can be found in certain types of synthetic butters or other processed foods!",0,0,0,0,0,0,0,0,0,1,0,0
Fish is generally healthier than red meats like beef. Try to add more fish into your diet for a healthier future!,0,0,0,0,0,0,0,0,0,1,1,0
A good cooking tip is to season foods with herbs and spices instead of salt. Your food will still be tasty but will be much healthier as well!,0,0,0,0,0,0,0,0,0,1,0,0
Today's nutrition tip for a healthy heart: stay away from any foods that contain more than 140mg of sodium (salt) per serving!,0,0,0,0,0,0,0,0,0,1,0,0
Some canned or processed foods can contain high levels of salt. Look for sodium on the nutrition information label and be careful if it says there are more than 140mg of sodium per serving!,0,0,0,0,0,0,0,0,0,1,0,0
"Here is a healthy eating tip: try to have fresh fruit for dessert instead of baked goods, puddings, or sweets made with cream or sauces!",0,0,0,0,0,0,0,0,0,1,0,0
"It can be difficult to eat healthy foods when ordering from fast food restaurants. This week, try to limit the number of times you eat fast food this week and replace these meals with healthier alternatives!",0,0,0,0,0,0,0,0,0,1,1,0
"Some of the best choices for healthy protein include beans, fish, egg whites, tofu/soy, and nuts. Try to have one of these great protein sources this week!",0,0,0,0,0,0,0,0,0,1,1,0
Write down your three favorite vegetables and buy one of them today to snack on during the week!,0,0,0,0,0,0,0,0,0,1,1,0
"Physical activity can lower blood pressure and ""bad"" cholesterol levels and can help you lose weight. Try to find a way to be active today!",0,0,0,0,0,0,0,0,1,0,0,0
"It possible, try using positive self-talk to turn negative thoughts into more positive ones. For example, when you catch yourself thinking, ""I can't do this,"" try saying ""I'll do the best I can"" instead!",0,0,0,0,0,0,0,0,0,0,1,0
"To help reduce stress and promote relaxation, try taking 15 to 20 minutes today to sit quietly, relax, breathe deeply in a peaceful environment. Notice how you feel afterward!",0,0,0,0,0,0,0,0,0,0,1,0
"Reducing physical tension in your body can help alleviate mental tension as well. Try to walk, bike, do yoga, or exercise in another way to help calm your mind today!",0,0,0,0,0,0,0,0,0,0,1,0
"If walking was a medication, doctors would write prescriptions for it all the time! Take a walk today for its many health benefits.",0,0,0,0,0,0,0,0,1,0,1,0
Delete - duplicate,0,0,0,0,0,0,0,0,0,0,,0
"Today, try to reach for healthy foods first when you are hungry instead of indulging in less healthy, comfort foods!",0,0,0,0,0,0,0,0,0,1,1,0
One of the easiest ways to exercise is to start walking on a regular basis. Walking is good for everyone!,0,0,0,0,0,0,0,0,1,0,0,0
"To bring yourself a greater sense of calm and motivation today, try quietly meditating or praying for five minutes. It will not take too much time out of your day, and you might notice a major mood change!",0,0,0,0,0,0,0,0,0,0,1,0
What activities make you feel most calm and peaceful? Can you try one of these activities today?,0,0,0,0,0,0,0,0,0,0,1,0
"Today, try to practice deep, slow breathing for two minutes while closing your eyes. Do you feel calmer or more at peace afterwards?",0,0,0,0,0,0,0,0,0,0,1,0
"To reduce stress, try writing down or thinking about a more positive way to look at something you have been struggling with lately.",0,0,0,0,0,0,0,0,0,0,1,0
"It is easy to become stressed out during the day without realizing it. Today, try to take a break from what you are doing for even one minute, close your eyes, and breathe deeply.",0,0,0,0,0,0,0,0,0,0,1,0
Is there a peaceful place near where you live that you could visit today or tomorrow? Purposefully seeking out peace in itself can be calming.,0,0,0,0,0,0,0,0,0,0,1,0